n,points,E,Em,E_1.5,A,Am,A_1.5
0,100,1.8392744287,4.4559047711,6.3564448834,-0.9173091285,-0.3402816196,-0.4074492373
1,200,1.4043792228,0.7855742217,1.1732435047,-0.9196925883,-0.2307808223,-0.2556700274
2,300,1.2189348984,0.3691705346,0.4737864542,-0.9139212600,-0.2039311566,-0.2168374461
3,400,1.1711466703,0.3106493761,0.3530610303,-0.9145243313,-0.1952310566,-0.2039209524
4,500,1.1527121220,0.2545592863,0.2892009254,-0.9179279261,-0.1944301072,-0.2011506911
5,600,1.1264650417,0.2321056878,0.2554493173,-0.9183391940,-0.1925551722,-0.1978575914
6,700,1.1074818661,0.2072741571,0.2186910514,-0.9192005274,-0.1919989521,-0.1963867625
