n,points,E,Em,E_1.5,A,Am,A_1.5
0,100,0.8648114176,0.8408947456,0.8632775424,-0.3676800000,0.3988800000,0.3697600000
1,200,0.8433106944,0.8158903536,0.8296291824,-0.3958400000,0.4290800000,0.4127600000
2,300,0.8378595556,0.8075403602,0.8173178425,-0.4026666667,0.4387022222,0.4274133333
3,400,0.8304372316,0.8024997519,0.8103658791,-0.4117800000,0.4444100000,0.4354700000
4,500,0.8288820951,0.8015718030,0.8080578755,-0.4136640000,0.4454528000,0.4381120000
5,600,0.8272951106,0.8005047701,0.8057580465,-0.4155777778,0.4466488889,0.4407288889
6,700,0.8232487396,0.8010446772,0.8052978972,-0.4204179592,0.4460440816,0.4412506122
7,800,0.8233479100,0.8000948834,0.8041671991,-0.4203000000,0.4471075000,0.4425300000
