n,points,E,Em,E_1.5,E_lim,A,Am,A_1.5,A_lim
0,100,1.787488204400000,1.791831960000000,1.795899212400000,0.645871422805104,0.623660000000000,0.029800000000000,0.038740000000000,0.654686621744657
1,200,1.788630908400000,1.780291056775000,1.782479973775000,0.645802401479188,0.639460000000000,0.008885000000000,0.013785000000000,0.653632432363871
2,300,1.790613148044444,1.785874794424691,1.787414036735802,0.653505644350066,0.639913333333333,0.006384444444444,0.009624444444444,0.653720434150984
