n,points,E,Em,E_1.5,E_lim,A,Am,A_1.5,A_lim
0,100,1.787488204400000,1.791831960000000,1.795899212400000,6.365633751965960,0.623660000000000,0.029800000000000,0.038740000000000,1.067781890030218
1,200,1.788630908400000,1.780291056775000,1.782479973775000,6.828170844703871,0.639460000000000,0.008885000000000,0.013785000000000,1.067702102178180
2,300,1.790613148044444,1.785874794424691,1.787414036735802,10.511498320329611,0.639913333333333,0.006384444444444,0.009624444444444,1.068792917122254
