n,points,E,Em,E_1.5,E_lim,A,Am,A_1.5,A_lim
0,100,1.798969982400000,1.790214360000000,1.801078142400000,6.398384748185065,-0.622760000000000,-0.024200000000000,-0.035240000000000,1.062470626062185
1,200,1.783518390000000,1.766917916400000,1.769160171900000,6.497037460750494,-0.636900000000000,-0.009060000000000,-0.013410000000000,1.066002067693716
2,300,1.791197862222222,1.776346047822222,1.778945560000000,7.320155358624365,-0.637266666666667,-0.000786666666667,-0.003800000000000,1.072822652724487
