n,points,E,Em,E_1.5,A,Am,A_1.5
0,100,1.7720775424,1.7844291584,1.7835053824,-0.6302400000,-0.0230400000,-0.0222400000
1,200,1.7911073904,1.7743288304,1.7773250544,-0.6343600000,-0.0176400000,-0.0188400000
2,300,1.7931201941,1.7808121730,1.7812627314,-0.6434488889,-0.0048355556,-0.0059200000
3,400,1.7945932016,1.7770194671,1.7777999996,-0.6377200000,0.0007300000,0.0000200000
4,500,1.7959411284,1.7921607622,1.7924774288,-0.6423168000,-0.0023744000,-0.0029952000
5,600,1.7917153934,1.7793770796,1.7796338365,-0.6431244444,-0.0008355556,-0.0013111111
