n,points,E,Em,E_1.5,Enm,A,Am,A_1.5,Anm
0,100,0.9984191424,0.9999116400,0.9958988784,0.9936000000,-0.0397600000,-0.0094000000,0.0640400000,0.0800000000
1,200,0.9993659676,0.9999996975,0.9975159744,0.9960674559,-0.0251800000,0.0005500000,0.0498400000,0.0627100000
2,300,0.9994214372,0.9999939812,0.9985448318,0.9977734185,-0.0240533333,-0.0024533333,0.0381466667,0.0471866667
3,400,0.9995864878,0.9999976972,0.9988176718,0.9981610912,-0.0203350000,-0.0015175000,0.0343850000,0.0428825000
4,500,0.9996431830,0.9999968742,0.9991012476,0.9986390394,-0.0188896000,-0.0017680000,0.0299792000,0.0368912000
