n,points,E,Em,E_1.5,Enm,A,Am,A_1.5,Anm
0,100,98.5781136384,98.9452341504,98.7172724736,9800.6926406400,-0.6495277989,-0.2340210452,0.5317212864,-0.5544000000
1,200,198.4815887616,198.9040339216,198.7010348176,39600.5635019376,-0.7200078044,-0.3097839221,0.5467770866,-0.6606800000
