n,points,E,Em,E_1.5,E_lim,A,Am,A_1.5,A_lim
0,100,37.026002534399922,32.458757759999926,20.659138790400000,64.157646274327121,-1.700234532527816,-1.615859597861172,-0.393219035144536,0.038988800968111
1,200,59.172697760000254,44.888869710400172,26.100928833600001,64.042372250261110,-1.867731843707696,-1.572618927013099,-0.388781643599591,0.019042919544166
2,300,74.599638289382511,56.154248874982748,33.155097008671596,64.037744555619511,-1.861346448006488,-1.580376893344511,-0.361817468093080,-0.019878182119828
3,400,88.709748802500073,66.448732064400403,39.422807132100004,64.164184199525408,-1.908609755162100,-1.630358223090745,-0.387314946651947,0.001359381879892
