n,points,E,Em,E_1.5,A,Am,A_1.5
0,100,34.0303884624,22.5362392596,17.9792819316,-1.1474195125,-0.8443463391,-0.1048716759
1,200,51.8966209152,32.8991173025,25.9159908900,-1.2235477452,-0.8739122939,-0.1170859086
2,300,66.2832366011,40.5873546442,31.8447387371,-1.2513366449,-0.8746483867,-0.1185052115
