n,points,E,Em,E_1.5,A,Am,A_1.5
0,100,46.3053229056,30.7035869184,30.3493994496,-1.0729944522,-0.4648581306,0.0063679196
1,200,83.2712780864,52.9409662736,52.4662563904,-1.3553751929,-0.5580624754,-0.0778691826
