n,points,E,Em,E_1.5,Enm,A,Am,A_1.5,Anm
0,100,98.9992675584,98.6623545600,97.8926674176,301.8622692096,-0.0270636583,0.5810726633,1.0522987135,97.4635200000
1,200,198.8331023616,198.8488488336,198.2448825600,193.0171114864,-0.4085310740,0.3887816436,0.8689749363,198.5144400000
