n,points,E_lim,A_lim
0,100,25.028470068806879,6.255453327467256
0,200,24.8949961113466,6.25681538577728
