n,points,E_lim,A_lim
0,100,17.739104319929282,5.304146618632796
1,200,17.656875105530936,5.296465839591274
