n,points,E,Em,E_1.5,E_lim,A,Am,A_1.5,A_lim
0,100,38.142070559999901,30.824984678399925,16.916430009599999,64.066718461853796,1.707398442074989,1.499645065207122,-0.026267668339615,0.027649035485209
1,200,57.930303168900245,44.850525096900178,24.643231545600003,64.793704416167856,1.772793510564544,1.532414729471049,0.030470549716078,-0.033146795571475
2,300,74.209313595733150,56.347584885510855,30.281979862044441,63.801873040296840,1.861961261036379,1.577225976566393,0.027205476572844,-0.029297554843693
