n,points,E,Em,E_1.5,A,Am,A_1.5
0,100,98.914195353599993155,98.999936639999987165,97.528415846399937550,-0.292924301484187077,-0.007959899496852956,1.213088683320412864
1,200,198.936665145600017013,198.999998726400008309,197.603868217600108892,-0.251664169877236554,-0.001128538878373264,1.181580205656769689
2,300,298.971310080316015956,298.988686985797528450,297.216776544711137831,-0.169380989736012899,0.106362654171797313,1.335373900931429159
3,400,398.962997976900055619,398.985540080400028273,397.248235347599688794,-0.192359099342869933,0.120249405819738017,1.323542463391459645
4,500,498.953458650357845272,498.995251520471128970,497.247401373696447990,-0.215734442410657118,0.068909212221299615,1.323857479604056087
