n,points,E,Em,E_1.5,Enm,A,Am,A_1.5,Anm
0,100,0.9984633600,0.9999078400,0.9953104896,0.9941263104,-0.0392000000,-0.0096000000,0.0684800000,0.0766400000
1,200,0.9992774656,0.9999995376,0.9974274816,0.9965378544,-0.0268800000,-0.0006800000,0.0507200000,0.0588400000
2,300,0.9993937462,0.9999935371,0.9984619659,0.9978205626,-0.0246222222,-0.0025422222,0.0392177778,0.0466844444
3,400,0.9995062716,0.9999965404,0.9986772231,0.9982561024,-0.0222200000,-0.0018600000,0.0363700000,0.0417600000
4,500,0.9995708142,0.9999934791,0.9989813179,0.9986405736,-0.0207168000,-0.0025536000,0.0319168000,0.0368704000
5,600,0.9997685545,0.9999976352,0.9989462041,0.9985895802,-0.0152133333,0.0015377778,0.0324622222,0.0375555556
