n,points,E,Em,E_1.5,A,Am,A_1.5
0,100,189.5689914624,189.5413284864,188.1192335616,-0.5938085025,-0.1783017487,0.5874405829
1,200,386.6097975184,388.6335775296,388.4458654464,-0.6731734409,-0.2629495587,0.5936114500
