n,points,E,Em,E_1.5,A,Am,A_1.5
0,100,0.0036865095,0.0017810654,0.0016818596,-0.0000553380,0.0000601114,-0.0006033216
1,200,0.0027489734,0.0013059088,0.0012524853,-0.0001578619,-0.0002573934,-0.0005723839
2,300,0.0022809183,0.0010662425,0.0010439419,0.0002397525,0.0001133555,-0.0001101135
3,400,0.0020215212,0.0009287805,0.0009097713,0.0000534451,0.0000796390,-0.0001065933
4,500,0.0018206868,0.0008362168,0.0008234163,0.0000184520,-0.0000417554,-0.0001889621
5,600,0.0016828889,0.0007800321,0.0007693932,0.0000355069,-0.0000241860,-0.0001378819
