n,points,E,Em,E_1.5,A,Am,A_1.5
0,100,0.0034489852,0.0017395763,0.0016046786,-0.0005792214,0.0007143413,0.0015944503
1,200,0.0027060108,0.0013151712,0.0012598704,-0.0000437414,0.0001063709,0.0006558094
2,300,0.0023035884,0.0010778974,0.0010482391,-0.0002229943,0.0000540725,0.0004434802
3,400,0.0020242903,0.0009338750,0.0009174262,-0.0003539717,-0.0001245152,0.0001574683
4,500,0.0018216738,0.0008451272,0.0008306999,-0.0002664524,-0.0001353295,0.0000936900
5,600,0.0016750233,0.0007716962,0.0007609622,-0.0001114209,-0.0000179905,0.0001662030
