n,points,E,Em,E_1.5,A,Am,A_1.5
0,100,0.0034489852,0.0017395763,0.0016230397,0.0005792214,-0.0007143413,-0.0011951836
1,200,0.0027060108,0.0013151712,0.0012650745,0.0000437414,-0.0001063709,-0.0004524801
