n,points,E,Em,E_1_5,Eb,A,Am,A_1_5,Ab
0,100,0.9830417098,0.9834558666,0.9836200957,0.9820311337,-0.1302240000,-0.1286240000,-0.1279840000,-0.1340480000
1,200,0.9825897253,0.9829425952,0.9830166976,0.9822151104,-0.1319480000,-0.1306040000,-0.1303200000,-0.1333600000
2,300,0.9823306194,0.9825191644,0.9825689593,0.9820292272,-0.1329262222,-0.1322151111,-0.1320266667,-0.1340551111
3,400,0.9820956868,0.9822630876,0.9823046154,0.9818777248,-0.1338070000,-0.1331800000,-0.1330240000,-0.1346190000
