n,points,E,Em,E_1_5,Eb,A,Am,A_1_5,Ab
0,100,2.6801081303,0.3641537180,0.1868906857,0.0533431854,0.0044575437,-0.0128950372,-0.0046167417,0.2562425727
1,200,3.4896572627,0.3183283600,0.2276296333,0.0525396644,0.0025956394,-0.0084640416,-0.0051348519,0.2549726283
2,300,4.2184245109,0.3826700102,0.2157986196,0.0530546591,-0.0006148130,-0.0070703498,-0.0035966562,0.2553546741
