n,points,E,Em,E_1_5,Eb,A,Am,A_1_5,Ab
0,100,0.0377452544,0.0118049536,0.0133948416,0.0033999644,-0.0038400000,-0.0059200000,-0.0067200000,0.3736169631
1,200,0.0251163136,0.0056719344,0.0061505136,0.0033671876,-0.0019200000,-0.0028400000,-0.0030800000,0.3740597693
2,300,0.0204075944,0.0043685518,0.0046523541,0.0033713530,-0.0011377778,-0.0021866667,-0.0023288889,0.3742787042
3,400,0.0177399831,0.0025983100,0.0028779264,0.0033669090,-0.0001300000,-0.0013000000,-0.0014400000,0.3742514641
4,500,0.0150522677,0.0019446537,0.0022003882,0.0033663813,-0.0007296000,-0.0009728000,-0.0011008000,0.3743749347
5,600,0.0149772909,0.0017769877,0.0020522793,0.0033606911,-0.0006977778,-0.0008888889,-0.0010266667,0.3743493446
6,700,0.0129240248,0.0015145282,0.0017168135,0.0033679238,-0.0002383673,-0.0007575510,-0.0008587755,0.3743458638
7,800,0.0126397399,0.0013645342,0.0014694598,0.0033832605,-0.0005100000,-0.0006825000,-0.0007350000,0.3743232322
