n,points,E,Em,E_1_5,Eb,A,Am,A_1_5,Ab
0,100,25.9002318136,2.0286330578,1.8773208622,0.0020947194,0.9525671558,-0.0722699260,-0.0668665671,0.0584715018
1,200,53.3758583964,2.0700852352,1.9303417168,0.0020623491,1.3858822474,-0.0519496368,-0.0484384479,0.0580591424
2,300,81.1120638119,2.0139601383,1.9057006422,0.0020699915,1.7188689334,-0.0412132063,-0.0389960401,0.0581123808
3,400,108.8098422077,1.9475263089,1.8407249710,0.0020664690,1.9964623193,-0.0344918993,-0.0325427256,0.0580400086
