n,points,E,Em,E_1_5,Eb,A,Am,A_1_5,Ab
0,100,0.1560002931,0.1578019176,0.1573146002,0.1570872175,0.3170850466,0.3177509535,0.3199641450,0.3190729455
1,200,0.1673074178,0.1684508876,0.1681075459,0.1679742354,0.3132437066,0.3131985391,0.3142731636,0.3138263711
2,300,0.1755068564,0.1763518644,0.1761540842,0.1760510295,0.3179738965,0.3181530288,0.3189030693,0.3185996426
