n,points,E,Em,E_1_5,A,Am,A_1_5
0,100,0.0486337407,0.0486424140,0.0486667983,0.0000790567,0.0002958787,0.0001393557
1,200,0.0491150775,0.0491086452,0.0491244036,-0.0004821555,-0.0003203807,-0.0003993200
2,300,0.0493107914,0.0493159050,0.0493227756,0.0003968583,0.0004711131,0.0004238286
3,400,0.0497095019,0.0497508564,0.0497579823,-0.0001891464,-0.0001813845,-0.0002202344
4,500,0.0498750489,0.0498733918,0.0498799840,-0.0000631254,-0.0000141982,-0.0000448278
5,600,0.0501047737,0.0501059198,0.0501111549,-0.0002487395,-0.0002179950,-0.0002445042
6,700,0.0501505376,0.0501564779,0.0501609385,0.0001437492,0.0001767161,0.0001544463
7,800,0.0501868212,0.0502010734,0.0502051397,0.0003983055,0.0004108427,0.0003914059
8,900,0.0503258414,0.0503407505,0.0503442339,-0.0000288214,-0.0000158064,-0.0000329422
