n,points,E,Em,E_1_5,Eb,A,Am,A_1_5,Ab
0,100,0.3172217726,0.3197051677,0.3177611134,0.0405741638,0.7639908058,0.7669565278,0.7650548019,0.1935639595
1,110,0.3298618370,0.3329410709,0.3308376948,0.0388155738,0.7731091372,0.7763811769,0.7744193410,0.1843487460
2,120,0.3373249258,0.3402122744,0.3382016017,0.0389948846,0.7794707449,0.7825936804,0.7808331791,0.1798499979
3,130,0.3408077886,0.3439008753,0.3420189538,0.0378564657,0.7773883215,0.7805522332,0.7789964243,0.1742542342
4,140,0.3523628857,0.3551085987,0.3535552289,0.0364239266,0.7828400873,0.7855873973,0.7842505026,0.1684016068
5,150,0.3629231186,0.3658218589,0.3643460648,0.0349434321,0.7911725990,0.7937454124,0.7925203543,0.1634260151
6,160,0.3667805108,0.3684974472,0.3666767955,0.0351044094,0.8000726253,0.8020835003,0.8007261345,0.1586483678
7,170,0.3761553911,0.3780627763,0.3762773817,0.0340314598,0.8025157834,0.8046991985,0.8033330583,0.1552066278
