n,points,E,Em,E_1_5,A,Am,A_1_5
0,10,0.0018093698,0.0000262162,0.0000000121,0.0117864687,0.0011859380,0.0000516623
1,20,0.0004703285,0.0000016673,0.0000000005,0.0059019416,0.0003167228,0.0000123331
2,30,0.0001232408,0.0000002788,0.0000000001,0.0038121428,0.0001390260,0.0000054381
3,40,0.0000670585,0.0000000943,0.0000000000,0.0028221163,0.0000810309,0.0000030370
4,50,0.0000383622,0.0000000420,0.0000000000,0.0022955108,0.0000532976,0.0000019449
5,60,0.0000249999,0.0000000192,0.0000000000,0.0019147374,0.0000373210,0.0000013493
