n,points,E,Em,E_1.5,E_lim,A,Am,A_1.5,A_lim
0,100,37.026002534399922,32.458757759999926,18.942653030399999,25.028470068806879,1.700234532527816,1.615859597861172,0.044575437182377,6.255453327467256
1,200,59.172697760000254,44.888869710400172,23.814382854400002,24.894996111346632,1.867731843707696,1.572618927013099,0.044013016256558,6.256815385777276
